id,name,remark,description
100,White Sign Soapstone,Leave white co-op summon sign,"Online play item.
Create a co-op summon sign.

Be summoned to another world
as a phantom through your sign,
and defeat the area boss to
gain the strength of flame.

The nature of Lothric is murky, unclear.
The White Sign Soapstone allows
Unkindled to assist one another."
101,Red Sign Soapstone,Leave red antagonizing invasion sign,"Online play item.
Create a hostile red invasion sign.

Be summoned to another world
as a dark spirit,
and defeat the Host of Embers to
gain the strength of fire.

Not all dark spirits are unsporting,
or they wouldn't make use of this soapstone."
102,Red Eye Orb,Invade other worlds at will,"Online play item.
Invade other worlds at will.

Defeat the Host of Embers of the world you have 
invaded to gain the strength of fire.

The Red Eye Orb is rooted in a tiny land
swallowed by darkness long ago.
Some choose to put the orb to other uses.
To embark on this path,
enter the service of Rosaria in the Cathedral of the Deep."
103,Black Separation Crystal,"Banish visiting phantom, or return home","A charm of farewell granted to banished Undead.
The crystal sends phantoms back to their homes,
or you back to yours.

Beware of fickle use of this item
if you intend to nurture relations."
108,Roster of Knights,Check Darkmoon Knights,"Online play item.
A roster of knights of the Darkmoon
who have served since the age of the old Royals.

Use to discover the names of Darkmoon Knights,
an order of elite knights shrouded in shadows."
111,Cracked Red Eye Orb,Consume to invade another world,"Online play item.
Allows a single invasion of another world.

Defeat the Host of Embers of the world you have
invaded to gain the strength of fire.

The Cracked Red Orb is far from perfect, it seems,
as Ringfinger Leonhard knows all too well."
115,Black Eye Orb,Invade the world of Rosaria's killer,"Arcane orb left on Rosaria's corpse.

Have faith her soul can be retrieved,
by invading the world of her killer,
and returning victorious.

The Black Eye is proof of vengeance,
but often appears serene as it
casts its gaze toward Irithyll."
117,Darksign,Lose souls and return to bonfire,"The Darksign is the sign of an accursed Undead.

The Darksign returns its bearer
to the last bonfire rested at,
or the bonfire at Firelink Shrine,
but at the cost of all souls held.

Carriers of the Darksign are reborn after death,
and eventually lose their minds, turning Hollow.
And so it is they are driven from their homelands."
119,Way of White Circlet,Restore the link to other worlds,"Online play item.
Restore the connection to other worlds.

Those who engage in unjust deeds when in contact
with other worlds will lose their connection to them.

Way of White Circlets assume such sin as their own,
but are found few and far between.
Acting without honor will never be without risk. "
150,Estus Flask,Fill with Estus at bonfire. Restores HP.,"The Undead treasure these dull green flasks.

Fill with Estus at bonfires, and drink to restore HP.

The journey of an Undead has always traced the bonfires,
and no journey of import has been made
without an Estus Flask."
190,Ashen Estus Flask,Fill with Estus at bonfire. Restores FP.,"Undead treasure these dull ashen flasks.

Fill with Estus at bonfires, and drink to restore FP.

Quite befitting of an Unkindled,
an Ashen Estus Flask turns a bonfire's heat cold."
240,Divine Blessing,Fully restores HP and cures ailments,"Holy water blessed by the Queen of Lothric.

Fully restores HP and cures ailments.

The Queen of Lothric,
married to the former King Oceiros,
was initially revered as a goddess
of fertility and bounty.
After giving birth to Ocelotte, her youngest,
she quietly disappeared."
241,Hidden Blessing,Fully restores FP,"Holy water blessed by the Queen of Lothric.

Fully restores FP.

There is a grave in Lothric that sees no visitors,
a dark place where rootless warriors rest.
The Queen of Lothric alone cared
to wish the poor souls good fortune."
260,Green Blossom,Temporary boost to stamina recovery speed,"Green weed, shaped like a flower.
Temporary boost to stamina recovery speed.

The Undead Legion of Farron are remembered
for using this annual plant,
normally found near clear water,
to swing their mighty swords with abandon."
261,Budding Green Blossom,Large temporary boost to stamina recovery speed,"Green flower-shaped weed with small white blooms.

Large temporary boost to stamina recovery speed.

Flowers of the Green Blossom are ethereal,
blossoming only on the surface of chilled,
but not frozen, water."
262,Budding Green Blossom,Large temporary boost to stamina recovery speed,"Green flower-shaped weed with small white blooms.

Large temporary boost to stamina recovery speed.

The brief attached messages suggests that it was a gift:

""Good-bye, dear Grandmother.
I will visit Grandfather, in the Pit of Hollows."""
270,Bloodred Moss Clump,Reduces bleeding build-up,"Red moss clump used as maggot repellent.

Reduces bleeding build-up.

Bleeding builds up when attacked
by sharp blades or spikes,
and once triggered causes severe damage.
Use this moss clump before it reaches that point."
271,Purple Moss Clump,Reduces poison build-up. Cures poison.,"Medicinal purple moss clump.
Reduces poison build-up. Cures poison.

Poison builds up in the body,
and when it breaks out,
it causes gradual damage over a period of time.

Poison can be exasperating,
so be sure to carry sufficient moss clumps
when traveling to a blighted area."
272,Blooming Purple Moss Clump,Reduces poison and toxin. Cures status.,"Potently medicinal moss clump with a flower.
Reduces poison and toxin. Cures ailments.

A toxin is a more vicious form of poison
which quickly leads to death.

Moss clumps without blooms
are useless against toxin,
and those who neglect to carry this flowered
variety are simply courting an early demise."
274,Purging Stone,Reduces undead curse build-up and cures hollowing,"Ash-colored stone encasing a skull.

Reduces undead curse build-up and cures hollowing.

Inhabitants of Londor, the land of Hollows,
use this secret treasure to feign normalcy.

Occasionally, a Hollow fools even himself,
and turns on his own kind."
276,Rime-blue Moss Clump,"Reduces frost buildup, cures frostbite status","Moss clump radiating gentle heat and light.
Reduces frost build-up. Cures frostbite status.

Frost accumulates in the body causing frostbite,
which saps one's health, lowers absorption,
and slows stamina recovery.

Weapons imbued with frost are a rare thing indeed,
most of them originating in the Boreal Valley."
280,Repair Powder,Repairs equipped weapons and armor,"Lightly enchanted golden powder.

Repairs equipped weapons and armor,
as long as they haven't already broken.

Use of a weapon depletes its durability,
eventually causing it to break.

As long as a weapon is not broken,
its durability can be restored at a bonfire,
but for distant journeys,
one may wish to prepare ahead."
290,Kukri,Throwing knife. Causes bleed damage.,"Small throwing machete.
Throw at enemies to cause bleeding damage.

A unique weapon originally
used by swordsmen of Carthus,
but now popular among bandits and thieves."
292,Firebomb,"Explodes, inflicting fire damage","Bisque urn filled with black powder.
Explodes, inflicting fire damage.

Fire damage, which differs from physical damage,
is highly effective against creatures of
flesh, beasts, and other foes that might
naturally have cause to fear the flame."
293,Dung Pie,"Turns enemy toxic, but also affects user","Dried fecal waste material, moist on the inside.

Throw at enemy to inflict toxin build-up,
but also ups your own toxicity.

Though the stench makes it difficult to
carry on one's person,
inflicting toxins on an enemy yields
high damage over time.
Perhaps some Undead have fond memories of waste.
Or, perhaps not."
294,Alluring Skull,Attracts certain types of enemies,"A skull resplendent in the scent of souls.
Prepared by evangelists of the Cathedral of the Deep.

Throw to shatter, spreading souls which attract enemies.
Not effective for all foes."
296,Undead Hunter Charm,Prevents Estus recovery within a limited area,"Tool used to hunt down the Undead.
Blocks Estus recovery within a limited area.

Used long ago by Lloyd's cleric knights
on their Undead hunts.
Although Allfather Lloyd is long forgotten
by the Way of White, his hunts have lived on,
and this charm allows one to challenge Undead
without fear of tenacious healing."
297,Black Firebomb,"Explodes, inflicting fire damage","More powerful bisque urn
filled with special black powder.
Explodes, inflicting great fire damage.

Fire damage, which differs from physical damage,
is highly effective against creatures of
flesh, beasts, and other foes that might naturally
have cause to fear the flame."
299,Rope Firebomb,"Thrown behind, explodes inflicting fire damage","Bisque urn attached to a string and
filled with black powder.
Thrown behind and explodes, inflicting fire damage.

No different to a firebomb,
save for the direction in which it is thrown.
Enables a different fighting style,
and flexibility in adjusting to one's circumstances."
300,Lightning Urn,"Explodes, inflicting lightning damage","Dragon-hunting tool used by Lothric knights.
Explodes upon contact, inflicting lightning damage.

The knights of Lothric have since tamed dragons,
but were once hunters of dragons themselves.

This explains their special hunting gear,
and why they worshipped the sun."
302,Rope Black Firebomb,"Thrown behind, explodes inflicting high fire damage","Black bisque urn attached to a string and
filled with black powder.
Thrown behind and explodes, inflicting fire damage.

No different to a black firebomb,
save for the direction in which it is thrown.
Enables a different fighting style,
and flexibility in adjusting to one's circumstances."
303,Stalk Dung Pie,"Turns enemy toxic, but also affects user","Dried fecal waste material,
marked by a long plant stalk that was not properly digested.

Throw behind at enemies to inflict toxin build-up,
but also ups your own toxicity.

Strictly speaking,
this consists of different material than the dung pie,
but waste is waste, no sense in splitting hairs."
304,Duel Charm,Temporarily disables special effects in vicinity,"Tool used in duels of judgment.
Nulls effects of special area effects for a short time.

Allfather Lloyd's knights lived
in fear of his duels of judgment,
in which verdicts were carried out by his Sword of Law."
310,Throwing Knife,Throw at foes to inflict damage,"Small throwing knife. Throw at enemies to inflict damage.

Most items choose their wielder,
and only experience can improve their effectiveness.
True strength can be gained in no other way."
311,Poison Throwing Knife,Throw at foes to inflict damage and poison,"A throwing knife dipped in poison.
Throw at enemies to inflict poison damage.

Used by assassins of Londor, land of Hollows.
The poison is jokingly known as Hollow's blood."
330,Charcoal Pine Resin,Applies fire to right-hand weapon,"Black charcoal-like pine resin.
Temporarily applies fire to right-hand weapon.

Used in the Undead Settlement to preserve 
Undead bodies after dissection, and to bury them."
331,Gold Pine Resin,Applies lightning to right-hand weapon,"Rare pine resin which emits golden sparks.
Chunks of it are even rarer.

Temporarily applies lightning to right-hand weapon.

Its origins are unknown,
although some have speculated that
it may in fact be a type of fungal resin."
334,Human Pine Resin,Applies dark to right-hand weapon,"Charcoal pine resin rotted with human body fluids.

Temporarily applies dark to right-hand weapon.

Normally used in the Undead Settlement
for preservation and burials,
but can mature into this state,
becoming a valuable substance,
used in a certain ceremony.
Often seen for trade at exorbitant prices."
335,Carthus Rouge,Adds lacerating effect to right-hand weapon,"Highly viscous scarlet plant secretions.

Temporarily applies bleeding effect to right-hand weapon.

Associated with the warriors of Carthus,
whose blades take on the scarlet hues
of both this sanguine substance and
the spatters of their victims' blood."
336,Pale Pine Resin,Applies magic to right-hand weapon,"Pale pine resin that faintly glimmers.

Temporarily applies magic to right-hand weapon.

The blood red substance sometimes found
within suggests there is more to this
so-called resin than meets the eye."
340,Charcoal Pine Bundle,Applies fire to right-hand weapon,"A small bundle of charcoal pine resin.

Quickly applies fire to right-hand weapon.

Does not last for long,
but can be used in inventive ways,
such as applying it in the middle of a series of blows."
341,Gold Pine Bundle,Applies lightning to right-hand weapon,"Rare pine resin which emits golden sparks.
Collected in a small bundle.

Quickly applies lightning to right-hand weapon.

Does not last for long,
but can be used in inventive ways,
such as applying it in the middle of a series of blows."
343,Rotten Pine Resin,Adds poison to right-hand weapon,"Pine resin that has rotted and turned poisonous.
Likely rotten from the start.

Temporarily applies poison to right-hand weapon.

Farron Keep was swallowed by the rotted wood,
where the blunt-horned Ghrus concoct this resin."
350,Homeward Bone,"Return to last bonfire rested at, or to shrine","Bone fragment reduced to white ash.
Return to last bonfire used for resting,
or to the shrine bonfire.

Bonfires are sustained by bones of the Undead.
In rare cases,
their previous owner's strong urge to
seek bonfires enchants their bones
with a homeward instinct."
351,Coiled Sword Fragment,"Return to last bonfire rested at, or to shrine","Fragment of the coiled sword of a bonfire
which served its purpose long ago.

Returns caster to last bonfire used for resting,
or to the bonfire in Firelink Shrine.
Can be used repeatedly.

Bonfires are linked to one another irreversibly,
retaining their affinity long
after their purpose is exhausted."
366,Wolf's Blood Swordgrass,Proves a Watchdog of Farron has met their duty,"A leaf signifying a duty fulfilled
by the Watchdogs of Farron,
who stand beside the old wolf to ensure
the serenity of those at rest.
Depicts a swordgrass leaf stained with dried blood.

Long ago, the swordgrass leaf quietly identified
members of the Undead Legion.
In the rotted forest rest the spirits of warriors past,
their acceptance of and gratitude
toward their guardians is expressed eloquently
by the humble leaf."
367,Human Dregs,Proves an Aldrich Faithful has met their duty,"Proof of a duty fulfilled by the Aldrich Faithful,
who patiently await the Devourer of Gods' return.

Dregs are the heaviest things within the human body,
and will sink to the lowest depths imaginable,
where they become the shackles that bind this world."
368,Forked Pale Tongue,Proves a blue spirit has been fended off,"Proof that a red eye orb invader
successfully fended off a blue spirit.

Those who hunt dark spirits take the names
of gods in ancient accord with the Way of Blue,
a deception exemplified by their forked tongues.

Use to acquire two Pale Tongues."
369,Proof of a Concord Well Kept,Proof a dark spirit was felled by a Blue Sentinel,"Distinguished proof that one has
hunted the enemies of the gods,
as per the ancient accord with the Way of Blue.

The layered ear of a dark spirit is the mark of
a particularly guilty offender,
one who has flagrantly violated one god or another.

Use to acquire two Proofs of a Concord Kept."
370,Prism Stone,Mark path by placing on ground,"Warm pebble emitting a beautiful
phasing aura of seven colors,
with a very rare eighth.

The prism stone does nothing special,
but can serve as a path marker,
or perhaps dropped off a cliff to judge height
by the sound of its descent.
If a loud noise is heard upon its landing,
then a fall from the ledge is surely lethal."
371,Binoculars,Use to peer at distant scenery,"Binoculars made of brass.
Use to peer at distant scenery.

Their utility is singular, but applications many.
The value of these specs depends greatly
on the imagination of their owner."
372,Proof of a Concord Kept,Proof a dark spirit was felled by a Blue Sentinel,"Blood-drained, shrunken ear.
Souvenir taken for subduing the guilty.

The knights called the Blades of the Darkmoon
punish the guilt-soaked offenders of the Gods
and take this as proof of their conquest.
The earless corpses of the guilty will be
left behind as a warning to others,
inspiring both fear and respect for the Gods.
Such is the eternal mandate of the Dark Sun."
373,Pale Tongue,Proof of invader's victory over a Host of Embers,"Proof of a red orb invader's victory
over a Host of Embers.

Claiming tongues as trophies was originally
the practice of an infamous troupe of invaders,
who offered them to their speechless goddess."
374,Vertebra Shackle,Special bone found by killing in other worlds,"A special bone collected by members
of the covenant of Mound-makers,
discovered in the corpses of their victims.

Only one such bone is found in the vertebrae,
and the Mound-makers believe it to
be a shackle of the gods.
In their minds, each victim is another connection,
an addition to the family."
375,Sunlight Medal,Medal received for victory in co-op,"A medal received by members of
the Warrior of Sunlight covenant for victory
over the final foe when summoned.
The summoner also gains the same medal.

The medal, engraved with the holy symbol of the sun,
is slightly warm, and reminds one of the great honor
of a shared victory."
377,Dragon Head Stone,Gain dragon head and emit dragon breath,"Stone imbued with the power of the everlasting dragons,
used in a secret rite by dragon worshippers.

Gain the head of a dragon and emit dragon breath,
a transformation that is irreversible until death.

Those who choose the path of the dragon
strive for perfect imitation,
and the dragon head rite is the first step
in this grand process."
378,Dragon Torso Stone,Gain dragon torso and roar like a dragon,"Stone imbued with the power of the everlasting dragons,
used in a secret rite by dragon worshippers.

Gain the torso of a dragon and a dragon's roar,
a transformation that is irreversible until death.

From ancient times,
the path of dragon worship was walked by warriors.
It is said they envision Archdragon Peak in the depths
of their meditation, and at times,
they even hear the distant sound
of the great bell at the peak."
380,Rubbish,"Rubbish of no value, and certainly no avail","Rubbish with no value.

Who in their right mind would
bother carrying this around?
Perhaps you need help."
385,Dried Finger,Should only be used with the greatest of caution,"Online play item.
Dried finger with multiple knuckles.

Use to strengthen connection to other worlds,
allowing the summoning of a third phantom,
but also a second dark spirit.

Also makes the summoning of a dark spirit occur earlier.
Use with caution."
387,Twinkling Dragon Head Stone,Gain dragon head and breathe until death,"Stone imbued with the power of the everlasting dragons,
the second of its kind, offered to a towering dragon.

Gain the head of a dragon and emit breath
alongside an archdragon mirage.
The transformation is irreversible until death.

The illusion achieved was the first case of
a human imitating the form of an ancient dragon,
and it revealed the smallness of human existence.
The road to the old dragons is long and arduous,
and only one can complete the journey."
388,Twinkling Dragon Torso Stone,Gain dragon torso and roar until death,"Stone imbued with the power of the everlasting dragons,
offered to a towering dragon.
This stone shows signs of a nascent light.

Gain the torso of a dragon and roar
alongside an archdragon mirage.
The transformation is irreversible until death.

Yet true imitation will require a dragon head, as well."
390,Fire Keeper Soul,Soul of a Fire Keeper who returned from the Abyss,"Soul of a Fire Keeper who is said to
have returned from the Abyss.

This Fire Keeper preserves the bonfire,
and serves its champion.
She is said to have soothed and accepted the dark sigil,
which has tainted her soul.

And yet, her soul will one day embed itself
in the bosom of another Fire Keeper."
400,Fading Soul,Use to acquire a smidgen of souls,"The fading soul of a corpse.

Use to gain a smattering of souls.

Let the Fire Keeper transform this sovereignless soul
into a source of strength,
for to be Unkindled is to be a vessel for souls."
401,Soul of a Deserted Corpse,Use to acquire souls,"Soul found in a deserted corpse.

Use to acquire souls.

Let the Fire Keeper transform this sovereignless soul
into a source of strength,
for to be Unkindled is to be a vessel for souls."
402,Large Soul of a Deserted Corpse,Use to acquire souls,"Large soul found in a deserted corpse.

Use to acquire souls.

Let the Fire Keeper transform this sovereignless soul
into a source of strength,
for to be Unkindled is to be a vessel for souls."
403,Soul of an Unknown Traveler,Use to acquire souls,"Soul found in the corpse of an unknown traveler.

Use to acquire souls.

Let the Fire Keeper transform this sovereignless soul
into a source of strength,
for to be Unkindled is to be a vessel for souls."
404,Large Soul of an Unknown Traveler,Use to acquire souls,"A large soul found in the corpse of an unknown traveler.

Use to acquire souls.

Let the Fire Keeper transform this sovereignless soul
into a source of strength,
for to be Unkindled is to be a vessel for souls."
405,Soul of a Nameless Soldier,Use to acquire souls,"Soul found in the corpse of a nameless soldier.

Use to acquire souls.

Let the Fire Keeper transform this sovereignless soul
into a source of strength,
for to be Unkindled is to be a vessel for souls."
406,Large Soul of a Nameless Soldier,Use to acquire souls,"Large soul found in the corpse of a nameless soldier.

Use to acquire souls.

Let the Fire Keeper transform this sovereignless soul
into a source of strength,
for to be Unkindled is to be a vessel for souls."
407,Soul of a Weary Warrior,Use to acquire many souls,"Soul found in the corpse of a battle-weary warrior.

Use to acquire a large amount of souls.

Let the Fire Keeper transform this sovereignless soul
into a source of strength,
for to be Unkindled is to be a vessel for souls."
408,Large Soul of a Weary Warrior,Use to acquire many souls,"Large soul found in the corpse of a battle-weary warrior.

Use to acquire a large amount of souls.

Let the Fire Keeper transform this sovereignless soul
into a source of strength,
for to be Unkindled is to be a vessel for souls."
409,Soul of a Crestfallen Knight,Use to acquire many souls,"Soul found in the corpse of a crestfallen knight.

Use to acquire a large amount of souls.

Let the Fire Keeper transform this sovereignless soul
into a source of strength,
for to be Unkindled is to be a vessel for souls."
410,Large Soul of a Crestfallen Knight,Use to acquire many souls,"Large soul found in the corpse of a crestfallen knight.

Use to acquire a large amount of souls.

Let the Fire Keeper transform this sovereignless soul
into a source of strength,
for to be Unkindled is to be a vessel for souls."
411,Soul of a Proud Paladin,Use to acquire many souls,"Soul found in the corpse of a proud paladin.

Use to acquire many souls.

Let the Fire Keeper transform this sovereignless soul
into a source of strength,
for to be Unkindled is to be a vessel for souls."
412,Large Soul of a Proud Paladin,Use to acquire many souls,"Large soul found in the corpse of a proud paladin.

Use to acquire many souls.

Let the Fire Keeper transform this sovereignless soul
into a source of strength,
for to be Unkindled is to be a vessel for souls."
413,Soul of an Intrepid Hero,Use to acquire numerous souls,"Soul found in the corpse of an intrepid hero.

Use to acquire a great helping of souls.

Let the Fire Keeper transform this sovereignless soul
into a source of strength,
for to be Unkindled is to be a vessel for souls."
414,Large Soul of an Intrepid Hero,Use to acquire numerous souls,"Large soul found in the corpse of an intrepid hero.

Use to acquire a great helping of souls.

Let the Fire Keeper transform this sovereignless soul
into a source of strength,
for to be Unkindled is to be a vessel for souls."
415,Soul of a Seasoned Warrior,Use to acquire numerous souls,"Soul found in the corpse of a seasoned warrior.

Use to acquire a great helping of souls.

Let the Fire Keeper transform this sovereignless soul
into a source of strength,
for to be Unkindled is to be a vessel for souls."
416,Large Soul of a Seasoned Warrior,Use to acquire numerous souls,"Large soul found in the corpse of a seasoned warrior.

Use to acquire a great helping of souls.

Let the Fire Keeper transform this sovereignless soul
into a source of strength,
for to be Unkindled is to be a vessel for souls."
417,Soul of an Old Hand,Use to acquire innumerable souls,"Soul found in the corpse of an old hand at war.

Use to acquire innumerable souls.

Let the Fire Keeper transform this sovereignless soul
into a source of strength,
for to be Unkindled is to be a vessel for souls."
418,Soul of a Venerable Old Hand,Use to acquire innumerable souls,"Large soul found in the corpse of an old hand at war.

Use to acquire innumerable souls.

Let the Fire Keeper transform this sovereignless soul
into a source of strength,
for to be Unkindled is to be a vessel for souls."
419,Soul of a Champion,Use to acquire enough souls to sate a lord,"Soul found in the corpse of a champion of legend.

Use to acquire enough souls to sate a lord.

Let the Fire Keeper transform this sovereignless soul
into a source of strength,
for to be Unkindled is to be a vessel for souls."
420,Soul of a Great Champion,Use to acquire enough souls to sate a lord,"Large soul found in the corpse of a champion of legend.

Use to acquire enough souls to sate a lord.

Let the Fire Keeper transform this sovereignless soul
into a source of strength,
for to be Unkindled is to be a vessel for souls."
440,Seed of a Giant Tree,Enemies react to invaders,"Makes enemies react to invaders.

The giant trees were also known as watcher trees,
and their seeds unmask invaders.

When used effectively,
these seeds will help counter dark spirits."
452,Mossfruit,Temporarily boosts all resistances,"A small clump of mossfruit.

Temporarily boosts bleed, poison, frost, and curse resistance.

All mossfruit is the same regardless of its color,
and has the effects of moss of all colors."
454,Young White Branch,"Transform, blending into environment","A young white branch.

Use to transform into something
which blends into the surroundings.

Little Dusk's first sorcerer's staff
eventually became a seedling,
and then three white birch saplings.
The young branch is said to still contain echoes
of little Dusk's capriciousness."
455,Rusted Coin,Crush to temporarily boost item discovery,"An old rusted copper coin.

Crushing the coin boosts item discovery.

Those who have lost their fortunes rely
upon this superstitious practice,
hoping to retrieve what was once theirs, and more."
456,Siegbräu,Restores HP and boosts frost resist,"Special brew of Siegward of Catarina.
Perfect for travel in its jolly barrel mug.

Restores HP and temporarily boosts frost resistance.

Leave it to Siegward to discover a drink
that even an Undead can enjoy.
Perhaps his long years spent Undead have left him
wanting to drain a cup or two and revel as if
he were still among the living."
457,Rusted Gold Coin,Crush to temporarily greatly boost item discovery,"A rusty old gold coin that surely has no currency.

Crushing the coin gives a large, if temporary,
boost to item discovery.

A rich man lost his fortune,
but it returned to him twofold.
He was swift to squander his retrieved fortune,
smugly confident that it was bound to double once again."
458,Blue Bug Pellet,Temporarily boosts magic damage absorption,"Medicinal pellet made from crushed insects.
The blue type temporarily boosts magic damage absorption.

The Boreal Valley is infested with moon bugs,
meaning ingredients are never far from hand
for the Irithyllian slaves who concoct this medicine."
459,Red Bug Pellet,Temporarily boosts fire damage absorption,"Medicinal pellet made from crushed insects.
The red type temporarily boosts fire damage absorption.

Prepared in the Cathedral of the Deep by evangelists,
who dole them out to followers to
ease their suffering when they burn."
460,Yellow Bug Pellet,Temporarily boosts lightning damage absorption,"Medicinal pellet made from crushed insects.
The yellow type temporarily boosts
lightning damage absorption.

The grave wardens of Carthus used these
to repel a great sand worm.

The worm tumbled into the catacombs,
and proceeded to dominate its new home
in the Smoldering Lake."
461,Black Bug Pellet,Temporarily boosts dark damage absorption,"Medicinal pellet made from crushed insects.
The black type temporarily boosts Dark damage absorption.

At all times, the Abyss Watchers of the Undead Legion
keep a supply of these concoctions,
prepared by the acolytes.
Rumor has it their Ghru descendants
still make these concoctions."
462,Young White Branch,"Transform, blending into environment","Branch of a white birch received from a giant,
apparently as a token of friendship.

Become something that blends in to the surroundings.
Consumed with use.

""Good friend, no hit."""
463,Young White Branch,"Transform, blending into environment","Branch of a white birch received from somebody.
Apparently, this was once a token of friendship.

Use to become something that blends into the surroundings,
though the branch will unfortunately be consumed.

Perhaps treasuring the memory is more important."
490,Dark Sigil,Accumulates curse,"A black, gaping hole in the flesh that
resembles the brand of an Undead.

The darkness of humanity seeps from
this bottomless pitch-black hole,
the gap filled by the accumulation of the curse.

This Dark Sigil will never heal,
but there is a tale told of a Fire Keeper
who returned from the Abyss,
and brought great comfort to a bearer of the curse."
500,Ember,"Gain strength of flame, boosting HP until death.","No Unkindled can ever truly claim the embers
that burn within a champion's bosom,
which is precisely what makes their
yearning for warmth so keen.

Gain the strength of flame
and increased max HP until death.

With the strength of fire,
the summoning signs of Unkindled become visible,
and seekers of embers can be summoned
to join in co-operation.
But beware, the embers may also attract invaders."
520,Hello Carving,"Smash on ground to say ""Hello""","A strange head of unknown origin carved from archtree.
It speaks when thrown on the ground.

This head says ""Hello"". Have another look.
Do you sense the amicability in its eyes?"
521,Thank you Carving,"Smash on ground to say ""Thank you""","A strange head of unknown origin carved from archtree.
It speaks when thrown on the ground.

This head says ""Thank you"". Have another
look. Is this not a face of gratitude?"
522,Very good! Carving,"Smash on ground to say ""Very good!""","A strange head of unknown origin carved from archtree.
It speaks when thrown on the ground.

This head says ""Very good!"" Have another
look. Does it not appear rather jovial?"
523,I'm sorry Carving,"Smash on ground to say ""I'm sorry""","A strange head of unknown origin carved from archtree.
It speaks when thrown on the ground.

This head says ""I'm sorry"". Have another look.
Isn't it quite the expression of atonement?"
524,Help me! Carving,"Smash on ground to say ""Help me!""","A strange head of unknown origin carved from archtree.
It speaks when thrown on the ground.

This head says ""Help me!"" Look again.
Can you hear the desperation of its plea?"
712,Soul of Champion Gundyr,"One of the twisted souls, steeped in strength","Soul of the champion Gundyr.
One of the twisted souls, steeped in strength.

Use to acquire many souls,
or transpose to extract its true strength.

Once, a champion came late to the festivities,
and was greeted by a shrine without fire,
and a bell that would not toll."
714,Soul of the Dancer,"One of the twisted souls, steeped in strength","Soul of the dancer.
One of the twisted souls, steeped in strength.

Use to acquire many souls,
or transpose to extract its true strength.

The Pontiff Sulyvahn bestowed a double-slashing
sword upon a distant daughter of the formal royal family,
ordering her to serve first as a dancer,
and then as an outrider knight,
the equivalent to exile."
715,Soul of a Crystal Sage,"One of the twisted souls, steeped in strength","Soul of a Crystal Sage.
One of the twisted souls, steeped in strength.

Use to acquire many souls,
or transpose to extract its true strength.

The twin Crystal Sages once served as
spiritual guides to the scholars of the Grand Archives,
and one went on to ally with the Undead Legion."
717,Soul of the Blood of the Wolf,"One of the twisted souls, steeped in strength","Soul of the Blood of the Wolf.
One of the twisted souls, steeped in strength.

Use to acquire numerous souls,
or transpose to extract its true strength.

The blood was spread amongst the Abyss Watchers,
and their souls are one with
the soul of the wolf blood master."
718,Soul of Consumed Oceiros,"One of the twisted souls, steeped in strength","Soul of Oceiros, the Consumed King.
One of the twisted souls, steeped in strength.

Use to acquire numerous souls,
or transpose to extract its true strength.

Oceiros went mad trying to harness his
royal blood for a greater purpose,
leading him to the heretics of the Grand Archives,
where he discovered the twisted worship
of Seath the paledrake."
719,Soul of Boreal Valley Vordt,"One of the twisted souls, steeped in strength","Soul of Vordt of the Boreal Valley.
One of the twisted souls, steeped in strength.

Use to acquire many souls,
or transpose to extract its true strength.

Vordt served as an outrider knight,
never far from the fleeting dancer."
720,Soul of the Old Demon King,"One of the twisted souls, steeped in strength","Soul of the Old Demon King.
One of the twisted souls, steeped in strength.

Use to acquire many souls,
or transpose to extract its true strength.

The shriveled Old Demon King
is now like a clump of burnt ash,
but he is the last living witness
of the Chaos of Izalith."
721,Soul of Dragonslayer Armour,"One of the twisted souls, steeped in strength","Soul of the Dragonslayer Armour.
One of the twisted souls, steeped in strength.

Use to acquire many souls,
or transpose to extract its true strength.

The Dragonslayer Armour,
controlled by the Pilgrim Butterfly,
lost its master long ago,
but still remembers their sporting hunts."
722,Soul of the Nameless King,"One of the twisted souls, steeped in strength","Soul of the Nameless King.
One of the twisted souls, steeped in strength.

Use to acquire many souls,
or transpose to extract its true strength.

The Nameless King was once
a dragon-slaying god of war,
before he sacrificed everything to
ally himself with the ancient dragons."
724,Soul of Pontiff Sulyvahn,"One of the twisted souls, steeped in strength","Soul of Pontiff Sulyvahn.
One of the twisted souls, steeped in strength.

Use to acquire many souls,
or transpose to extract its true strength.

Pontiff Sulyvahn of Irithyll imprisoned a god
of the old royalty in the abandoned cathedral,
to be fed to the devourer. "
725,Soul of Aldrich,"One of the twisted souls, steeped in strength","Soul of Aldrich.
One of the twisted souls, steeped in strength.

Use to acquire many souls,
or transpose to extract its true strength.

When Aldrich ruminated on the fading of the fire,
it inspired visions of a coming age of the deep sea.
He knew the path would be arduous,
but he had no fear.
He would devour the gods himself."
726,Soul of High Lord Wolnir,"One of the twisted souls, steeped in strength","Soul of the High Lord Wolnir.
One of the twisted souls, steeped in strength.

Use to acquire many souls,
or transpose to extract its true strength.

Lord Wolnir of Carthus sentenced
countless souls to gruesome deaths,
keen to outlive them all."
727,Soul of the Rotted Greatwood,"One of the twisted souls, steeped in strength","Soul of the Curse-rotted Greatwood.
One of the twisted souls, steeped in strength.

Use to acquire many souls,
or transpose to extract its true strength.

Ever since its establishment,
all manner of curses have managed to
seep into the Undead Settlement.
The worst of them were sealed away
inside a spirit tree,
but eventually the curses took their toll."
728,Soul of Rosaria,"Soul of Rosaria, Mother of Rebirth","The soul of Rosaria, Mother of Rebirth,
stolen by Ringfinger Leonhard.

Return this to her extant corpse,
and mother Rosaria will spring back to life.

As if nothing had ever happened."
729,Soul of the Deacons of the Deep,"One of the twisted souls, steeped in strength","Soul of the Deacons of the Deep.
One of the twisted souls, steeped in strength.

Use to acquire many souls,
or transpose to extract its true strength.

After Aldrich left for the Boreal valley,
Archdeacon Royce remained in the cathedral
with the high priests,
to keep eternal watch over their master's coffin."
731,Soul of the Twin Princes,"One of the twisted souls, steeped in strength","Soul of the Twin Princes.
One of the twisted souls, steeped in strength.

Use to acquire numerous souls,
or transpose to extract its true strength.

The two princes rejected their duty
to become Lords of Cinder,
and settled down far,
far away to watch the fire fade from a distance.
A curse makes their souls nearly inseparable."
732,Soul of Yhorm the Giant,"One of the twisted souls, steeped in strength","Soul of Yhorm the Giant.
One of the twisted souls, steeped in strength.

Use to acquire numerous souls,
or transpose to extract its true strength.

Yhorm is the descendant of an ancient conqueror,
but was asked by the very people
once subjugated to lead them,
serving as both a weighty blade and a stone-hard shield."
733,Soul of the Lords,"One of the twisted souls, steeped in strength","Soul of the Lords.
One of the twisted souls, steeped in strength.

Use to acquire numerous souls,
or transpose to extract its true strength.

Since Lord Gwyn, the first Lord of Cinder,
many exalted lords have linked the First Flame,
and it is their very souls that have
manifested themselves as defender of the flame."
739,Soul of a Demon,"One of the twisted souls, steeped in strength","Soul of a demon.
One of the twisted souls, steeped in strength.

Use to acquire numerous souls,
or transpose to extract its true strength.

Demons were born of the Chaos Flame,
but the flame has not survived,
and the demons are a dying race."
743,Soul of a Stray Demon,"One of the twisted souls, steeped in strength","Soul of the Stray Demon.
One of the twisted souls, steeped in strength.

Use to acquire numerous souls,
or transpose to extract its true strength.

The Stray Demon, now lacking even a trace of flame,
was once the gatekeeper of Lothric."
1000,Titanite Shard,Reinforce weapon to +3,"Titanite shard for weapon reinforcement.
Reinforces weapons to +3.

Titanite shards are fragments
of the Legendary Slabs.
Titanite is etched into weapons to reinforce."
1001,Large Titanite Shard,Reinforce weapon to +6,"Titanite shard for weapon reinforcement.
A larger shard that reinforces weapons to +6.

Titanite shards are fragments
of the Legendary Slabs.
Titanite is etched into weapons to reinforce."
1002,Titanite Chunk,Reinforce weapon to +9,"Titanite chunk for weapon reinforcement.
Reinforces weapons to +9.

Few records of chunks exist,
and once one was discovered in Lothric,
the race to locate Legendary Slabs began,
but there have been no reports of success."
1003,Titanite Slab,Reinforce weapon to highest level,"Titanite slab for weapon reinforcement,
said to once belong to the gods.
Reinforces weapons to their highest level.

Titanite slabs are smithing materials of the gods,
and weapons reinforced with slabs will be admired
no less than their precious legendary weapons."
1020,Titanite Scale,Reinforce soul-transposed weapon to +4,"Titanite altered by a soul.
Reinforces soul-transposed weapons to +4.

Weapons forged by soul transposition can only
be reinforced by titanite of the same kind.

In rare cases, crystal lizards devour souls,
growing to monstrous proportion and
leaving these great scales."
1030,Twinkling Titanite,Reinforce weapons steeped in strength to +4,"Twinkling titanite for weapon reinforcement.
Reinforce weapons steeped in strength to +4.
These unique weapons cannot be reinforced
with ordinary titanite,
nor can they be infused.

Unless one uses this twinkling titanite,
which reinforces these weapons without
unraveling their inherent strength."
1100,Heavy Gem,Infuse to create heavy weapon,"A gem of infused titanite.
Famously used to forge Farron greatswords.

Used in infusion to create heavy weapons.

A warrior can appreciate a heavy weapon,
for they scale effectively with strength."
1110,Sharp Gem,Infuse to create sharp weapon,"A gem of infused titanite.
Forged the unique curved swords of Carthus.

Used in infusion to create sharp weapons.

A swordsman can appreciate a sharp weapon,
for they scale effectively with dexterity."
1120,Refined Gem,Infuse to create refined weapon,"A gem of infused titanite.
Forged the weapons of Lothric knights.

Used in infusion to create refined weapons.

Refined weapons are difficult to wield properly,
and scale effectively with strength and dexterity."
1130,Crystal Gem,Infuse to create crystal weapon,"A gem of infused titanite.
Introduced to Lothric by the Crystal Sages.

Used in infusion to create crystal weapons.

Crystal weapons inflict magic damage,
and scale effectively with intelligence."
1140,Simple Gem,Infuse to create simple weapon,"A gem of infused titanite,
said to be an object of infatuation for
victims of stunted development.

Used in infusion to create simple weapons.

Simple weapons inflict magic damage
and restore FP very gradually,
to help even a simpleton muster some mettle."
1150,Fire Gem,Infuse to create fire weapon,"A gem of infused titanite.
Found in rare cases inside demons.

Used in infusion to create fire weapons.

Fire weapons inflict fire damage,
but lose scaling effects."
1160,Chaos Gem,Infuse to create chaos weapon,"A gem of infused titanite.
Relics of lands scorched by the Chaos Flame.

Used in infusion to create chaos weapons.

Chaos weapons inflict fire damage,
and scale with intelligence and faith."
1170,Lightning Gem,Infuse to create lightning weapon,"A gem of infused titanite.
Found in the aftermath of dragon hunts.

Used in infusion to create lightning weapons.

Lightning weapons inflict lightning damage,
and scale with faith."
1180,Deep Gem,Infuse to create deep weapon,"A gem of infused titanite.
Found in the dregs of the Cathedral of the Deep.

Used in infusion to create deep weapons.

Deep weapons inflict dark damage,
but lose scaling effects.

There is a darkness that lies beyond human ken."
1190,Dark Gem,Infuse to create dark weapon,"A gem of infused titanite.
Born of disembodied humanity.

Used in infusion to create dark weapons.

Dark weapons inflict dark damage,
and scale with intelligence and faith."
1200,Poison Gem,Infuse to create poison weapon,"A gem of infused titanite.
Discovered in the rotted forest of Farron.

Used in infusion to create poison weapons.

Such weapons inflict poison-laced damage
that gradually eats away at foes."
1210,Blood Gem,Infuse to create lacerating weapon,"A gem of infused titanite.
Slurped by Irithyll slaves.

Used in infusion to create lacerating weapons.

Such weapons inflict lacerating damage.
Most effective with sharp or spiked weapons."
1220,Raw Gem,Infuse to create raw weapon,"A gem of infused titanite.
Forged the weapons of Lothric foot soldiers.

Used in infusion to create raw weapons.

Raw weapons are easily wielded and have higher attack,
but lose scaling effects."
1230,Blessed Gem,Infuse to create blessed weapon,"A gem of infused titanite.
Commonly known as a charm kept by saints.

Used in infusion to create blessed weapons.

Special blessed weapons gradually restore HP
and heavily damage reanimated foes."
1240,Hollow Gem,Infuse to create Hollow weapon,"A gem of infused titanite.
A stone plentiful in Londor, land of Hollows.

Used in infusion to create Hollow weapons.

Hollow weapons are said to peer
into the essence of its wielder,
whose luck boosts attack."
1250,Shriving Stone,Undo weapon infusion,"A gem of infused titanite.
Also known as stark stone.

Reverses weapon infusion.

Has the benefit of undoing the effects of infusion
without reducing the reinforcement level."
2001,Lift Chamber Key,Key to the underground lift,"Key to the room of the lift that descends
to the deepest dungeon in Lothric.

A surviving Darkwraith,
from the land swallowed by darkness,
is said to be held there."
2005,Small Doll,Silverwork doll depicting a young squire,"Small silverwork doll depicting a young squire.

In the legendary old city of Irithyll
situated in the Boreal Valley,
the Pontiff Sulyvahn gave this doll to valued subjects,
so that they might use it to cross the barrier
when they return home.

Listen carefully, and you can hear it say,
""Wherever you go, the moon still sets in Irithyll.
Wherever you may be, Irithyll is your home."""
2007,Jailbreaker's Key,Key to the barred window of Irithyll dungeon,"Key to the barred window in the Irithyll dungeon.

But the window only leads to a bottomless black pit below,
and above, a paltry view of the ruined Profaned Capital.

The very architecture appears to be a cruel joke
the jailers played on would-be escapees."
2008,Jailer's Key Ring,"Irithyllian Jailer's ring, filled with many keys","Ring of keys to the Irithyll dungeon held by the jailer.

Opens most cell doors.

On what grounds do they remain imprisoned,
considering that by now they are mindless Hollows,
or unrealized, gibbering fools?"
2009,Grave Key,Key to a door in Undead Settlement sewer,"Key to the barred door leading from the sewer
below the Undead Settlement to a moist grave.

The grave, which no longer receives visitors,
was once the site of a statue of Velka,
Goddess of Sin, and was believed to pardon wrongdoing,
and lift curses."
2010,Cell Key,Key to cell holding thieves and the like,"Key to a cell holding thieves and the like.

There is no shortage of brash thieves in Lothric,
and these particular thieves likely scaled the wall
from the Undead Settlement.

But they are only willing to practice
their thievery on the High Wall,
for their fear of Lothric castle, rumored to devour men,
keeps them clear of its grounds."
2012,Old Cell Key,Key to the oldest cell in all of Irithyll dungeon,"Key to the oldest cell in the Irithyll dungeon.

The first prisoner of the dungeon was a lone giant.
Cells for men were built at his feet."
2013,Tower Key,Key to the dilapidated tower behind the shrine,"Key to the decrepit tower behind Firelink Shrine
which leads to the Bell Tower.

The Bell Tower is the grave of Fire Keepers past.
When a Fire Keeper has served her purpose,
she is led to true darkness,
where she enjoys a long-deserved sleep."
2014,Grand Archives Key,Key to the main door of Lothric's Grand Archives,"Key to the main entrance to
the Grand Archives of Lothric.

With the fire fading,
and the spreading pus of man tainting the castle,
the Grand Archives closed its doors for good.

Today, only a few of its keys remain.
This one likely belonged to Gotthard,
one of the king's Black Hands, who fled the castle."
2102,Small Lothric Banner,Hold up outside the main castle gate to be taken,"Small banner held by Lothric messengers.

Hold up outside the main castle gate
to be greeted by an escort.

When the High Wall appeared,
the path to the Undead Settlement was blocked,
and messengers came bearing this banner.
They were sent out with a duty,
but had no way of returning."
2103,Farron Coal,"Enable heavy, sharp, and poison infusion","Coal used for weapon infusion.

Long ago, used to forge the greatswords of
the Undead Legion of Farron.

Give to the blacksmith in the shrine to allow
the use of gems for heavy, sharp, and poison infusion."
2104,Sage's Coal,"Enable crystal, blessed, and deep infusion","Coal used for weapon infusion.

The white magic flame produced by this coal
was given to the Undead Legion long ago by
one of the Crystal Sage twins.

Give to the blacksmith in the shrine to allow
the use of gems for crystal, blessed, and dark infusion."
2105,Giant's Coal,"Enable lightning, simple, and chaos infusion","Coal used for weapon infusion.

It is said that the giant blacksmith of Anor Londo
was once the blacksmith of the gods.

Give to the blacksmith in the shrine to allow
the use of gems for lightning, simple, and chaos infusion."
2106,Profaned Coal,"Enable dark, lacerating, and Hollow infusion","Coal used for weapon infusion.

Remnants of the fire that burned down the Profaned Capital,
preserved in an icy skull.

Give to the blacksmith in the shrine to allow
the use of gems for dark, blood, and Hollow infusion."
2107,Mortician's Ashes,Shrine handmaid will prepare new items,"Umbral ash of a resident of the Undead Settlement
who made a living burying corpses.

With this, the shrine handmaid will prepare new items."
2108,Dreamchaser's Ashes,Shrine handmaid will prepare new items,"Umbral ash of one who dreamt of
joining the Undead Legion.
With this, the shrine handmaid will prepare new items.

In the end, the dream chasers who wandered aimlessly
in the rotted forest found a sense of fulfillment."
2109,Paladin's Ashes,Shrine handmaid will prepare new items,"Umbral ash of a worn-out paladin
who sought the Cathedral of the Deep.
With this, the shrine handmaid will prepare new items.

This paladin paid quite a price for his headstrong justice."
2110,Grave Warden's Ashes,Shrine handmaid will prepare new items,"Umbral ash of the grave warden
of the catacombs of Carthus.
With this, the shrine handmaid will prepare new items.

The old man began as a squire,
carrying his master's accoutrements.
He ended his days a grave warden,
and carried them still."
2111,Greirat's Ashes,Shrine handmaid will prepare new items,"Umbral ash of Greirat of the Undead Settlement.
With this, the shrine handmaid will prepare new items.

Greirat was a thief who fancied
himself a martyr for the poor,
which is what drove him to climb the wall."
2112,Orbeck's Ashes,Shrine handmaid will prepare new items,"Umbral ash of Orbeck of Vinheim.
With this, the shrine handmaid will prepare new items.

Orbeck was fascinated with sorcery but without means,
so offered to serve as an assassin in exchange
for acceptance into the Dragon Academy,
believing that one day he could
reinvent himself as a sorcerer."
2113,Cornyx's Ashes,Shrine handmaid will prepare new items,"Umbral ash of Cornyx of the Great Swamp.
With this, the shrine handmaid will prepare new items.

Cornyx was tired and defeated until
he discovered one final pupil,
like so many pyromancers before him."
2114,Karla's Ashes,Shrine handmaid will prepare new items,"Umbral ash of Karla. With this,
the shrine handmaid will prepare new items.

The spurned child of the Abyss never dies,
but phases in and out of its fringes.
Only, there is no one to search for her any longer."
2115,Irina's Ashes,Shrine handmaid will prepare new items,"Umbral ash of Irina of Carim.
With this, the shrine handmaid will prepare new items.

Irina was a frail woman.
This frailty led to her becoming a saint of Carim,
and to her grand treachery."
2116,Yuria's Ashes,Shrine handmaid will prepare new items,"Umbral ash of Yuria of Londor.
With this, the shrine handmaid will prepare new items.

Having three founders of the Black Church
ensured Yuria's legacy would survive.
Her two sisters could carry the torch,
making certain their lord claims the flame,
for the sake of all Hollows."
2117,Basin of Vows,Place basin at a statue of a beheading knight,"Chalice used in old ceremony in which
Lothric knights take their vows.

It is only a formality now,
but it remains as an empty practice.

Place this basin at a statue of a beheading knight."
2118,Loretta's Bone,Old human bone with several holes bored into it,"Old, discolored human bone with several holes bored into it.

A woman's corpse in the Undead Settlement
was found clutching this bone.
Her name was Loretta."
2119,Braille Divine Tome of Carim,Learn high miracles of Carim,"A sacred braille tome from Carim,
filled with advanced miracles.

Give to a storyteller to learn advanced Carim miracles.

In the Way of White,
there is a tradition of placing great faith
in the words of the blind,
and braille tomes are not unusual."
2120,Braille Divine Tome of Lothric,Learn miracles of Lothric,"A sacred braille tome from Lothric,
filled with miracles for use by knights.

Give to a storyteller to learn Lothric miracles.

It is said that no paladin
inside Lothric castle could fall,
owing to the divine protection they enjoyed."
2123,Cinders of a Lord,Cinders of lord left by the Abyss Watchers,"Cinders of a lord left by the Abyss Watchers.

If the lords will not return
to their thrones themselves,
let them return as cinders.

The Watchers of the Abyss swore upon
their shared wolf's blood,
which also served as their
mandate as lords."
2124,Cinders of a Lord,Cinders of a lord left by the God Devourer Aldrich,"Cinders of a lord left by Aldrich, Devourer of Gods.

If the lords will not return
to their thrones themselves,
let them return as cinders.

Aldrich became a lord by devouring men,
but was disillusioned with his throne,
and so took to devouring gods instead."
2125,Cinders of a Lord,Cinders of a lord left by the Giant Yhorm,"Cinders of a lord left by Yhorm the Giant.

If the lords will not return
to their thrones themselves,
let them return as cinders.

Lonely Yhorm became a Lord of Cinder
to put the Profaned Flame to rest,
knowing full well that those who
spoke of him as lord were quite insincere."
2126,Cinders of a Lord,Cinders of a lord left by prince Lothric,"Cinders of a lord left by Prince Lothric.

If the lords will not return
to their thrones themselves,
let them return as cinders.

The Lothric bloodline was obsessed
with creating a worthy heir,
and when this proved impossible,
resorted to unspeakable means.
Suffice it to say,
the path to linking the fire is a cursed one indeed."
2127,Great Swamp Pyromancy Tome,Learn high pyromancies of the Great Swamp,"Pyromancy tome from the Great Swamp
containing advanced pyromancies.

Give to the old master pyromancer to learn
advanced pyromancies of the Great Swamp.

Spells of the Great Swamp are
passed down from master to pupil.
Without a master, there is no pupil,
but without a pupil, there is also no master."
2128,Carthus Pyromancy Tome,Learn pyromancies of Carthus,"A pyromancy tome from Carthus
containing pyromancies crafted for battle.

Give to the old master pyromancer to learn
advanced pyromancies of the Carthus.

Carthus pyromancies developed
in isolation from other forms,
explaining their divergent evolution."
2129,Izalith Pyromancy Tome,Learn chaos pyromancies of Izalith,"A pyromancy tome from Izalith
containing pyromancies of the witches.

Give to the old master pyromancer to learn
chaos pyromancies of Izalith.

Chaos pyromancies manipulate lava,
and birthed all later forms of pyromancy."
2130,Quelana Pyromancy Tome,Learn Quelana pyromancies,"A pyromancy tome of Quelana
containing her unique spells.
These pyromancies can only be taught by a female master.

Give to a female pyromancy master to learn
Quelana's pyromancies.

Quelana, the sole surviving witch of Izalith,
once accepted a human pupil,
but after the pupil moved on,
she never took another."
2131,Grave Warden Pyromancy Tome,Learn black flame pyromancies,"A pyromancy tome of the grave warden,
from the Carthus catacombs.

Give to the pyromancer master to learn
black flame sorceries.

High Lord Wolnir of Carthus succumbed to the Abyss,
but the pyromancer later became a grave warden,
and discovered the black flame."
2132,Sage's Scroll,Learn sorceries of the Crystal Sages,"Scroll containing sorceries of the Crystal Sages.

Give to a sorcerer to learn sorceries of the Sages.

As any sorcerer knows, sorcery is a talent,
and these sorceries were refined to
nurture a very special talent."
2133,Logan's Scroll,Learn Logan's sorceries,"Secret scroll of the Profaned Capital court sorcerers,
containing sorceries of Logan.

Give to a sorcerer to learn Logan's sorceries.

The court sorcerers used this scroll
to claim heirship to Logan's legacy,
though how that claim stands up to
closer scrutiny is another story."
2134,Crystal Scroll,Learn crystal sorceries,"Secret crystal scroll of the Grand Archives of Lothric.

Give to a sorcerer to learn crystal sorceries.

These sorceries are the work of the paledrake,
Seath the Scaleless,
whom Logan is said to have met,
a branch of sorcery that has been
carried on by the Crystal Sages."
2135,Transposing Kiln,Make soul transposition possible,"An old transposing kiln from Courland,
crafted with stitched crystal lizard hide.

Give to Ludleth, Lord of Cinder,
to conduct soul transposition.

This kiln can transpose twisted souls to craft
special items with their concentrated essence.
Deemed forbidden by those unable to make proper use of it."
2137,Coiled Sword,Thrust in shrine bonfire to activate bonfire warp,"Sword missing from the shrine bonfire.
Cannot be equipped as a weapon.

Thrust into the shrine bonfire to restore
its power and enable travel between bonfires.

This sword is only bequeathed to chosen ash,
as judged by the Iudex,
who awaits the arrival of ash as a scabbard."
2138,Eyes of a Fire Keeper,Reveals horrors to the sightless Fire Keeper,"A pair of dark eyes.

Said to be the eyes of the first Fire Keeper,
and the light that was lost
by all Fire Keepers to come.

It reveals to the sightless Fire Keepers things
that they should never see."
2139,Sword of Avowal,Rite of wedlock gives birth to a true Hollow Lord,"Ceremonial sword of Londor.
Cannot be equipped as a weapon.

It is said that a rite of wedlock
will presage a true Hollow lord.

Your spouse's name is Anri,
who patiently awaits a rightful lord,
deep within the mausoleum."
2140,Golden Scroll,Learn sorceries of Oolacile,"A golden scroll chronicling the vast research
of the xanthous scholars.

Give to a sorcerer to learn the arts of Oolacile.

In the lost land of Oolacile,
the sorceries orchestrated light,
and were said to shine in golden hues."
2141,Estus Shard,Increases usages of Estus Flask,"A shard soaked in Estus.

Give to the blacksmith at the shrine
to increases usages of the Estus Flask.

In the old days,
it was rare to see an Estus Flask far from its owner,
but this shard offers hope, however shattered."
2142,Hawkwood's Swordgrass,Message from Hawkwood kept by the blacksmith,"Blood-stained swordgrass of Hawkwood,
deserter of the Undead Legion.

Traditionally, the Undead Legion of Farron sends
the gravest of messages using swordgrass.

""Come to the mausoleum in Farron.
Only one can take the path of ancient dragons."""
2143,Undead Bone Shard,Burn in shrine bonfire to increase Estus recovery,"Undead bones that yet burn.

Cast it into the shrine bonfire
to boost the recovery provided by the Estus Flask.

The bonfire's cinders are the bones of Undead,
and a bone that still burns is a fresh cinder indeed.
Before feeding upon death, one must first pray to it."
2144,Deep Braille Divine Tome,Learn miracles of the Deep,"A braille divine tome of the Deep,
belonging to the deacons of the cathedral.

Give this to a storyteller to learn
miracles of the Deep.

Intended to teach divine protection
to the deacons of the deep, but later,
dark tales were added to its pages,
such that it is now considered a thing profane."
2145,Londor Braille Divine Tome,Learn miracles of Londor,"A braille tome of Londor,
first spoken by Liliane of the Sable Church.

Give this to a storyteller to learn miracles of Londor.

This is a forbidden tome,
as it offers salvation to all Hollows,
and conversely curses all things living."
2146,Excrement-covered Ashes,"Shrine handmaiden prepares new items, perhaps","Unclean umbral ash coated with excrement.
Perhaps it's possible the handmaid of Firelink Shrine
could turn this into a few new things...

""Oh to savor the sweet pungency but once more..."""
2147,Prisoner Chief's Ashes,Shrine handmaid prepares new items,"Umbral ash of the prisoner chief of the catacombs.
With this, the shrine handmaid will prepare new items.

The prisoner chief used his clout
to hoard all manner of things,
but died without putting them to use."
2148,Xanthous Ashes,Shrine handmaid prepares new items,"Umbral ash of a sorcerer who explored
the golden sorceries of a long-lost land.
With this, the shrine handmaid will prepare new items.

They were called xanthous scholars,
but some foolishly imitate them
by simply dressing in yellow."
2149,Hollow's Ashes,Shrine handmaid prepares new items,"Umbral ash of a Hollow who
faithfully served a woman,
only to become separated from her.
With this, the shrine handmaid will prepare new items.

It takes but a brief glance at this thing
to easily envision Londor,
the foreboding land of Hollows."
2150,Patches' Ashes,Shrine handmaid prepares new items,"Umbral ash of Unbreakable Patches.
With this, the shrine handmaid will prepare new items.

Patches never lost heart, and never looked back.
He marched in one direction,
and that direction was dead ahead.
Did you see him passing by?"
2151,Dragon Chaser's Ashes,Shrine handmaid prepares new items,"Umbral ash of the fallen warrior
who chose the path of the ancient dragons.
With this, the shrine handmaid will prepare new items.

Whatever it is, it is sure to grant strength
to the most unrelenting warriors."
2152,Easterner's Ashes,Shrine handmaid prepares new items,"Umbral ash of an armor merchant
from an eastern land.
Surely the handmaid of Firelink Shrine can
turn this into a few new things.

The merchant, the captain of a clan of hunters,
was fascinated with weaponry."
744,Soul of Sister Friede,"One of the twisted souls, steeped in strength","Soul of Sister Friede.
One of the twisted souls, steeped in strength.

Use to acquire numerous souls,
or transpose to extract its true strength.

Friede was the first Ash to enter the painting,
but together with the good Father,
they chose rot over fire."
2153,Champion's Bones,Burn at Firelink Shrine to unlock Undead Matches,"The charred but warm bones of a champion.
Burn at the Firelink Shrine bonfire
to participate in Undead Matches.

Long ago, an Undead declared a fight.
A fight to celebrate their undeath,
and to preserve what remained of their souls.
So it was that the Undead Matches were born.

The merit of an Undead is measured in deaths.
Could there be a greater gift for such a creature,
than a fight that has no end?"
2154,Captain's Ashes,Shrine handmaid will prepare new items,"Umbral ash of the Captain of the Millwood Knights.
With this, the shrine handmaiden will prepare new items.

Long ago, when the Millwood Knights lost
the forest they called home,
they began a journey so long that even thoughts
of their sworn enemy washed away,
replaced by a vision of a cold and brittle wood."
2155,Contraption Key,Key to the contraption accessing the library attic,"The key to the contraption leading to
the attic of the archive found on
the edge of the Corvian Settlement.

After Sir Vilhelm led a white-haired woman
to the attic of the library,
he kept this key as if it were his life."
315,Church Guardian Shiv,Throw illusory blades that seek foes,"This special throwing blade has a flat tip,
and is wielded by guardians of the Church of Filianore.

Consume FP to project illusory blades
which seek their targets.

Guardians of the Church, of whom few remain,
watch over Princess Filianore's eternal slumber
along with the Spears of the Church."
379,Filianore's Spear Ornament,Proof of a Church Spear's fulfilment of duty,"The Spears of the Church watch over the Princess' slumber,
and this serves as proof of their fulfillment of their duty. 
The embellished gold cloth is woven
with a crest of young grass.

The Princess' knights proudly displayed
these precious favors,
which were most often seen swaying
from their identical ceremonial spears."
650,Ritual Spear Fragment,Summon a row of upwardly thrusting ritual spears,"Online play item.
A fragment of the matching ritual spears
once held by the knights of Princess Filianore.

They are the namesake of the Spears of the Church.

When Spears of the Church
face unduly treacherous foes,
this allows them to draw upon former majesty,
and summon a row of upward-thrusting ritual spears."
651,Divine Spear Fragment,Summon a row of upwardly thrusting ritual spears,"Online play item.
A fragment of the matching ritual spears
once held by the knights of Princess Filianore.

These Divine Spears of gold were placed
in the trusted hands of exalted Spears.

When Spears of the Church
face unduly treacherous foes,
this allows them to draw upon former majesty,
and summon a row of upward-thrusting ritual spears."
745,Soul of Slave Knight Gael,"One of the twisted souls, steeped in strength","Soul of Slave Knight Gael.
One of the twisted souls, steeped in strength.

Use to acquire many souls,
or transpose to extract its true strength.

The red-hooded, wandering slave knight Gael
sought the blood of the dark soul
as pigment for the Painted World.
But Gael knew he was no Champion,
that the dark soul would likely ruin him,
and that he had little hope of a safe return."
746,Soul of the Demon Prince,"One of the twisted souls, steeped in strength","Soul of the demon prince.
One of the twisted souls, steeped in strength.

Use to acquire many souls,
or transpose to extract its true strength.

The demons, birthed from a common Chaos,
share almost everything between them,
even the pride of their prince,
and his near-faded flame.

So that the last demon standing may rekindle it."
747,Soul of Darkeater Midir,"One of the twisted souls, steeped in strength","Soul of Darkeater Midir.
One of the twisted souls, steeped in strength.

Use to acquire many souls,
or transpose to extract its true strength.

Midir, descendant of Archdragons,
was raised by the gods,
and owing to his immortality,
was given a duty to eternally battle the dark,
a duty that he would never forget,
even after the gods perished."
2156,Small Envoy Banner,Hold before the ringed cliff for delivery,"The small banner used by envoys
of Great Lord Gwyn in the days of yore.

Face the ringed cliff and hold the banner high
to summon facilitators of transport.

For the pygmies, who took the dark soul,
the Great Lord gifted the Ringed City,
an isolated place at world's end,
and his beloved youngest daughter,
promising her that he would
come for her when the day came."
2157,Old Woman's Ashes,Shrine handmaid prepares new items,"Umbral ash of the old stone-humped woman.
With this, the shrine handmaid will prepare new items.

Things that have dreadfully run their
course accrue at the great dreg-heap.
This old woman was once the wet nurse of royalty."
2158,Blood of the Dark Soul,Pigment to depict a painted world,"Blood of the dark soul that seeped
from the hole within Slave Knight Gael.

Used as pigment by his lady in Ariandel
to depict a painted world.

When Gael came upon the pygmy lords,
he discovered that their blood had long ago dried,
and so consumed the dark soul."
2159,Young Grass Dew,Slightly enhance blessing to Church Spears,"A small, transparent stone that once graced
the green young grass crest.

This semi-precious gem honors a Spear of Church
after a battle well-fought,
and is said to slightly enhance
their blessing of protection.
(while held, this effect is constant)"
10000,Blade of the Darkmoon,Pledge oneself to the Blade of the Darkmoon covenant,"A silver pendant depicting the Darkmoon and a sword,
the crest of the Darkmoon Knights,
the original Blue Sentinels.
Equip to pledge oneself to
the Blade of the Darkmoon covenant.

When a member of the Way of Blue faces a dark spirit,
the Blades of the Darkmoon,
by an ancient accord,
help to root out the invader.
Summoning takes place automatically when equipped."
10020,Watchdogs of Farron,Pledge oneself to the Watchdogs of Farron covenant,"Ancient medallion depicting the crest of a wolf.
Symbolizes the pact with the Old Wolf of Farron.
Equip to pledge oneself to the Watchdogs of Farron.

The Watchdogs ensure that the warriors sleep in serenity,
by taking the form of loyal spirits and hunting down
those who would trespass the woods of Farron.

Summoning takes place automatically
while this is equipped."
10030,Aldrich Faithful,Pledge oneself to the Aldrich Faithful covenant,"The holy symbol of the Cathedral of the Deep,
and crest of those who see beyond fire
to the age of deep waters.
Equip to pledge oneself to the Aldrich Faithful covenant.

The Faithful ensure that Aldrich, Devourer of Gods,
remains undisturbed, by taking the form of loyal spirits
and hunting down those who
would trespass the ruined cathedral.

Summoning takes place automatically
while this is equipped."
10040,Warrior of Sunlight,Pledge oneself to the Warrior of Sunlight covenant,"An ancient talisman depicting a holy symbol
bestowed upon the Warriors of Sunlight.
Equip to pledge oneself to the Warrior of Sunlight covenant.

Warriors of Sunlight are brilliantly beaming co-operators
who place their golden signatures to help those in need,
for it is their duty to deliver
a great conquest to their summoner."
10050,Mound-makers,Pledge oneself to the Mound-makers covenant,"A malformed vertebra found by the mad,
with a queer symbol on its inside,
proof of the shackles of the Gods.
Equip to pledge oneself to the Mound-makers covenant.

The mound-makers wish only to add to their mounds,
becoming mad spirits whether summoned
as co-operators or invaders.

They are blithe to those around them, for in their minds,
any kill might lead to another shackle."
10060,Way of Blue,Pledge oneself to the Way of Blue covenant,"Pale blue sheepskin parchment featuring
an illustration of the moon,
symbol of an ancient accord.

Members of the Way of Blue are
the beneficiaries of an ancient accord.
When a dark spirit threatens them,
a blue spirit will grant them assistance,
and help to root out the invader.

Summoning takes place automatically
while this is equipped."
10070,Blue Sentinels,Pledge oneself to the Blue Sentinels covenant,"Faded sheepskin parchment depicting
the Darkmoon and a sword.
Equip to pledge oneself to the Blue Sentinels covenant.

When a member of the Way of Blue is
threatened by a dark spirit,
the Blue Sentinels, in compliance with an ancient accord,
assume the form of blue spirits,
and help to root out the invader.

Summoning takes place automatically
while this is equipped."
10080,Rosaria's Fingers,Pledge oneself to the Rosaria's Fingers covenant,"Sacred seal of Archdeacon Klimt,
who served Rosaria, Mother of Rebirth.
Equip to pledge oneself to the Rosaria's Fingers covenant.

Rosaria's Fingers collect tongues in her name.
Some do it to be reborn;
others do it to help comfort their voiceless goddess."
10090,Spears of the Church,Join the Spears of the Church covenant,"A green-rusted ornament of young grass,
the crest of Princess Filianore.
Equip to join the Spears of the Church covenant.

The Spears of the Church watch over the Princess' slumber,
and when the church is compromised by a trespasser,
the Judicator summons them
as loyal spirits to eliminate the threat
(summoned automatically while this is equipped).

Loyal spirits summoned as Spears of the Church
are granted a blessing of protection."
242,##Silver Pendant,Silver pendant. Deflects Dark.,"Silver pendant engraved with the crest of Artorias.

One of the ancient treasures of Anor Londo.
Presented to Artorias for facing the Abyss.

Effectively deflects the Dark of the Abyss,
especially in its magic forms."
277,##Monastery Charm,Cures poison and restores HP,"A blessed charm. Cures poison and restores HP.

Many such charms were blessed in
reconstructed ancient ceremonies,
carried out in the monastery of Lindelt,
now known as the new home of miracles.

Though it may lack the power of an original,
in circumstances dire enough,
an imitation can be quite enough."
301,##Holy Water Urn,Cleanse Undead with holy essence,"An urn filled with crystal-clear water.
Originally intended as a soothing potion,
this water scalds the skin of Undead and Hollows.

In the old capital of Mirrah, an ancient,
well-protected spring produces holy water,
but the water has been difficult to acquire
ever since Mirrah became embroiled in war."
376,##Pendant,No effect,"This faintly warm medal,
engraved with the symbol of the Sun,
is the ultimate honor,
awarded to shoe who summon
the Warrior of Sunlight and complete a goal.

The symbol represents Lord Gwyn's firstborn,
who lost his deity status and
was expunged from the annals.
But the old God of War still
watches closely over his warriors."
441,##Spirit Amethyst,Spirit flies out to seek foes in other worlds,"Online play item.
Purple crystal inhabited by spirits.

Spirits soar to seek enemies from other worlds,
conforming to the target's color.

Can be used three times,
then regenerated with rest at a bonfire.
What stuff is it that in the purple crystal resides?
Perhaps cinders of Undead, sacrificed to the bonfire.
Or perhaps the vengeful spirits of those
who fell to foes from distant worlds."
450,##Oozing Charm Berry,Temporarily boosts magic/fire defence,"A blue berry emitting a faint magic.
Temporarily boosts magic/fire defence.

When the magic contained in
the berry permeates the body,
it protects the user from magic and fire."
451,##Oozing Flash Berry,Temporarily boosts dark/lightning defence,"A yellow berry emitting a faint magic.
Temporarily boosts dark/lightning defence.

When the magic contained in
the berry permeates the body, 
it protects the user from dark and lightning."
453,##Brightbug,"Inflict more damage, receive less","A tiny bug that produces light.
Brightbugs are said to comfort the dead,
and are found in the marshlands
leading to the Undead Crypt.

By ingesting a brightbug just before death,
the moment at which they glow most brightly,
one attains great power for a short time.
Often utilized as a last-resort for
adventurers who have lost their way.

Has no effect in other worlds or for phantoms."
501,##Ember,Offer embers to an ashen body,"Offering an ember to a body without flame
increases HP as well as abilities.

What remains of an ashen hero
once the fire has gone out?
Honor or ruin?"
1010,##Dragon Scale,Reinforce dragon weapons.,"Dragon scale for reinforcing dragon weapons.
Peeled from an ancient dragon.

A dragon is inseparable from its scales,
and the transcendent apostles,
who seek the perpetuity of the ancient dragons,
have crossed the very end of the earth
to seek this invaluable treasure."
2003,##Bridge Key,Key to the inner part of the bridge,"Key to the inner part of the bridge.

Beyond the great bridge that couldn't possibly
have been made by human hand,
hides a mystery that has yet to be discovered.
Some say that the realm of God awaits, but others"
2004,##Iron Seal of the Wolf,"Crest opening the way to Fort Faran, home to the Undead Corps","Crest opening the way to Fort Faran,
home to the Undead Corps.

Passed down to cursed undead warriors,
the stench of death still lingers.

Perhaps Freise of Vinheim will have some use for it"
2101,##Holy Remains,Sinister vessel made from the skull of a noble king,"Sinister vessel made from the skull of a noble king.

Placed on the altar within the catacombs,
but its origins are unclear.

An ominous air emits from the chalice,
gripping the hearts of those who peer at it
as if determined to drag them to the world of the dead."
2121,##Braille Divine Sunlight Tome,Learn miracles of the sun,"A sacred braille tome of sunlight,
written for warriors of the sun covenant.

Give it to a storyteller to learn sun miracles.

Knights of the sunlight covenant are brilliantly
beaming co-operators who volley lightning,
and hand out medals before
disappearing into the sunset."
2136,##Gwyndolin's Finger,Ruined finger of Dark Sun Gwyndolin,"Ruined finger of Dark Sun Gwyndolin.

The young crossbreed girl loved her brother,
of whom all that remains is this ruined finger.

Even so, her love for him will never falter"
620,##Proof of a Pact,Briefly summon the eccentric Silver Knight Ledo,"Proof of a pact, employed by the Judicator Giant.
Briefly summons the eccentric Silver Knight Ledo.

Most bound by the Judicator's pact are
not willing but rather impelled.
Yet a rare few are linked to the giant by mutual friendship.

This is a precious corroboration of such amiability,
and the only one that manifested in physical form."
